<?xml version="1.0" encoding="UTF-8" ?>
<webTalkData  fileName='usage_statistics_webtalk.xml'  majorVersion='1' minorVersion='0' timeStamp='Wed Dec 14 09:06:50 2022'>
<section name="__ROOT__" level="0" order="1" description="">
 <section name="software_version_and_target_device" level="1" order="1" description="">
  <keyValuePair key="beta" value="FALSE" description="" />
  <keyValuePair key="build_version" value="2902540" description="" />
  <keyValuePair key="date_generated" value="Wed Dec 14 09:06:50 2022" description="" />
  <keyValuePair key="os_platform" value="WIN64" description="" />
  <keyValuePair key="product_version" value="Vivado v2020.1 (64-bit)" description="" />
  <keyValuePair key="project_id" value="3f8fc85e18f84a7fb8722dcd5d47475e" description="" />
  <keyValuePair key="project_iteration" value="47" description="" />
  <keyValuePair key="random_id" value="a01eb7745ae05c988e6f0879f15c22dd" description="" />
  <keyValuePair key="registration_id" value="a01eb7745ae05c988e6f0879f15c22dd" description="" />
  <keyValuePair key="route_design" value="TRUE" description="" />
  <keyValuePair key="target_device" value="xc7a35t" description="" />
  <keyValuePair key="target_family" value="artix7" description="" />
  <keyValuePair key="target_package" value="cpg236" description="" />
  <keyValuePair key="target_speed" value="-1" description="" />
  <keyValuePair key="tool_flow" value="Vivado" description="" />
 </section>
 <section name="user_environment" level="1" order="2" description="">
  <keyValuePair key="cpu_name" value="Intel(R) Core(TM) i5-6300U CPU @ 2.40GHz" description="" />
  <keyValuePair key="cpu_speed" value="2496 MHz" description="" />
  <keyValuePair key="os_name" value="Windows Server 2016 or Windows 10" description="" />
  <keyValuePair key="os_release" value="major release  (build 9200)" description="" />
  <keyValuePair key="system_ram" value="8.000 GB" description="" />
  <keyValuePair key="total_processors" value="1" description="" />
 </section>
 <section name="ip_statistics" level="1" order="3" description="">
  <section name="xadc_wiz_v3_0/1" level="2" order="1" description="">
   <keyValuePair key="channel_averaging" value="None" description="" />
   <keyValuePair key="component_name" value="xadc_wiz_0" description="" />
   <keyValuePair key="core_container" value="NA" description="" />
   <keyValuePair key="dclk_frequency" value="100" description="" />
   <keyValuePair key="enable_axi" value="false" description="" />
   <keyValuePair key="enable_axi4stream" value="false" description="" />
   <keyValuePair key="enable_busy" value="true" description="" />
   <keyValuePair key="enable_convst" value="false" description="" />
   <keyValuePair key="enable_convstclk" value="false" description="" />
   <keyValuePair key="enable_dclk" value="true" description="" />
   <keyValuePair key="enable_drp" value="true" description="" />
   <keyValuePair key="enable_eoc" value="true" description="" />
   <keyValuePair key="enable_eos" value="true" description="" />
   <keyValuePair key="enable_vbram_alaram" value="false" description="" />
   <keyValuePair key="enable_vccaux_alaram" value="falseenable_vccpaux_alaram=false" description="" />
   <keyValuePair key="enable_vccddro_alaram" value="false" description="" />
   <keyValuePair key="enable_vccint_alaram" value="false" description="" />
   <keyValuePair key="enable_vccpint_alaram" value="false" description="" />
   <keyValuePair key="iptotal" value="1" description="" />
   <keyValuePair key="ot_alaram" value="false" description="" />
   <keyValuePair key="sequencer_mode" value="on" description="" />
   <keyValuePair key="startup_channel_selection" value="contineous_sequence" description="" />
   <keyValuePair key="timing_mode" value="continuous" description="" />
   <keyValuePair key="user_temp_alaram" value="false" description="" />
  </section>
 </section>
 <section name="phys_opt_design_post_place" level="1" order="4" description="">
  <section name="command_line_options" level="2" order="1" description="">
   <keyValuePair key="-aggressive_hold_fix" value="default::[not_specified]" description="" />
   <keyValuePair key="-bram_register_opt" value="default::[not_specified]" description="" />
   <keyValuePair key="-clock_opt" value="default::[not_specified]" description="" />
   <keyValuePair key="-critical_cell_opt" value="default::[not_specified]" description="" />
   <keyValuePair key="-critical_pin_opt" value="default::[not_specified]" description="" />
   <keyValuePair key="-directive" value="default::[not_specified]" description="" />
   <keyValuePair key="-dsp_register_opt" value="default::[not_specified]" description="" />
   <keyValuePair key="-effort_level" value="default::[not_specified]" description="" />
   <keyValuePair key="-fanout_opt" value="default::[not_specified]" description="" />
   <keyValuePair key="-hold_fix" value="default::[not_specified]" description="" />
   <keyValuePair key="-insert_negative_edge_ffs" value="default::[not_specified]" description="" />
   <keyValuePair key="-multi_clock_opt" value="default::[not_specified]" description="" />
   <keyValuePair key="-placement_opt" value="default::[not_specified]" description="" />
   <keyValuePair key="-restruct_opt" value="default::[not_specified]" description="" />
   <keyValuePair key="-retime" value="default::[not_specified]" description="" />
   <keyValuePair key="-rewire" value="default::[not_specified]" description="" />
   <keyValuePair key="-shift_register_opt" value="default::[not_specified]" description="" />
   <keyValuePair key="-uram_register_opt" value="default::[not_specified]" description="" />
   <keyValuePair key="-verbose" value="default::[not_specified]" description="" />
   <keyValuePair key="-vhfn" value="default::[not_specified]" description="" />
  </section>
  <section name="usage" level="2" order="2" description="">
   <keyValuePair key="postths" value="0.000000" description="" />
   <keyValuePair key="posttns" value="-54.394064" description="" />
   <keyValuePair key="postwhs" value="0.000000" description="" />
   <keyValuePair key="postwns" value="-4.077362" description="" />
   <keyValuePair key="preths" value="0.000000" description="" />
   <keyValuePair key="pretns" value="-56.477063" description="" />
   <keyValuePair key="prewhs" value="0.000000" description="" />
   <keyValuePair key="prewns" value="-4.253362" description="" />
  </section>
 </section>
 <section name="power_opt_design" level="1" order="5" description="">
  <section name="command_line_options_spo" level="2" order="1" description="">
   <keyValuePair key="-cell_types" value="default::all" description="" />
   <keyValuePair key="-clocks" value="default::[not_specified]" description="" />
   <keyValuePair key="-exclude_cells" value="default::[not_specified]" description="" />
   <keyValuePair key="-include_cells" value="default::[not_specified]" description="" />
  </section>
  <section name="usage" level="2" order="2" description="">
   <keyValuePair key="bram_ports_augmented" value="0" description="" />
   <keyValuePair key="bram_ports_newly_gated" value="20" description="" />
   <keyValuePair key="bram_ports_total" value="28" description="" />
   <keyValuePair key="flow_state" value="default" description="" />
   <keyValuePair key="slice_registers_augmented" value="0" description="" />
   <keyValuePair key="slice_registers_newly_gated" value="0" description="" />
   <keyValuePair key="slice_registers_total" value="553" description="" />
   <keyValuePair key="srls_augmented" value="0" description="" />
   <keyValuePair key="srls_newly_gated" value="0" description="" />
   <keyValuePair key="srls_total" value="0" description="" />
  </section>
 </section>
 <section name="report_drc" level="1" order="6" description="">
  <section name="command_line_options" level="2" order="1" description="">
   <keyValuePair key="-append" value="default::[not_specified]" description="" />
   <keyValuePair key="-checks" value="default::[not_specified]" description="" />
   <keyValuePair key="-fail_on" value="default::[not_specified]" description="" />
   <keyValuePair key="-force" value="default::[not_specified]" description="" />
   <keyValuePair key="-format" value="default::[not_specified]" description="" />
   <keyValuePair key="-internal" value="default::[not_specified]" description="" />
   <keyValuePair key="-internal_only" value="default::[not_specified]" description="" />
   <keyValuePair key="-messages" value="default::[not_specified]" description="" />
   <keyValuePair key="-name" value="default::[not_specified]" description="" />
   <keyValuePair key="-no_waivers" value="default::[not_specified]" description="" />
   <keyValuePair key="-return_string" value="default::[not_specified]" description="" />
   <keyValuePair key="-ruledecks" value="default::[not_specified]" description="" />
   <keyValuePair key="-upgrade_cw" value="default::[not_specified]" description="" />
   <keyValuePair key="-waived" value="default::[not_specified]" description="" />
  </section>
  <section name="results" level="2" order="2" description="">
   <keyValuePair key="dpip-1" value="1" description="" />
   <keyValuePair key="dpop-1" value="1" description="" />
   <keyValuePair key="dpop-2" value="1" description="" />
  </section>
 </section>
 <section name="report_utilization" level="1" order="7" description="">
  <section name="clocking" level="2" order="1" description="">
   <keyValuePair key="bufgctrl_available" value="32" description="" />
   <keyValuePair key="bufgctrl_fixed" value="0" description="" />
   <keyValuePair key="bufgctrl_used" value="2" description="" />
   <keyValuePair key="bufgctrl_util_percentage" value="6.25" description="" />
   <keyValuePair key="bufhce_available" value="72" description="" />
   <keyValuePair key="bufhce_fixed" value="0" description="" />
   <keyValuePair key="bufhce_used" value="0" description="" />
   <keyValuePair key="bufhce_util_percentage" value="0.00" description="" />
   <keyValuePair key="bufio_available" value="20" description="" />
   <keyValuePair key="bufio_fixed" value="0" description="" />
   <keyValuePair key="bufio_used" value="0" description="" />
   <keyValuePair key="bufio_util_percentage" value="0.00" description="" />
   <keyValuePair key="bufmrce_available" value="10" description="" />
   <keyValuePair key="bufmrce_fixed" value="0" description="" />
   <keyValuePair key="bufmrce_used" value="0" description="" />
   <keyValuePair key="bufmrce_util_percentage" value="0.00" description="" />
   <keyValuePair key="bufr_available" value="20" description="" />
   <keyValuePair key="bufr_fixed" value="0" description="" />
   <keyValuePair key="bufr_used" value="0" description="" />
   <keyValuePair key="bufr_util_percentage" value="0.00" description="" />
   <keyValuePair key="mmcme2_adv_available" value="5" description="" />
   <keyValuePair key="mmcme2_adv_fixed" value="0" description="" />
   <keyValuePair key="mmcme2_adv_used" value="0" description="" />
   <keyValuePair key="mmcme2_adv_util_percentage" value="0.00" description="" />
   <keyValuePair key="plle2_adv_available" value="5" description="" />
   <keyValuePair key="plle2_adv_fixed" value="0" description="" />
   <keyValuePair key="plle2_adv_used" value="0" description="" />
   <keyValuePair key="plle2_adv_util_percentage" value="0.00" description="" />
  </section>
  <section name="dsp" level="2" order="2" description="">
   <keyValuePair key="dsp48e1_only_used" value="1" description="" />
   <keyValuePair key="dsps_available" value="90" description="" />
   <keyValuePair key="dsps_fixed" value="0" description="" />
   <keyValuePair key="dsps_used" value="1" description="" />
   <keyValuePair key="dsps_util_percentage" value="1.11" description="" />
  </section>
  <section name="io_standard" level="2" order="3" description="">
   <keyValuePair key="blvds_25" value="0" description="" />
   <keyValuePair key="diff_hstl_i" value="0" description="" />
   <keyValuePair key="diff_hstl_i_18" value="0" description="" />
   <keyValuePair key="diff_hstl_ii" value="0" description="" />
   <keyValuePair key="diff_hstl_ii_18" value="0" description="" />
   <keyValuePair key="diff_hsul_12" value="0" description="" />
   <keyValuePair key="diff_mobile_ddr" value="0" description="" />
   <keyValuePair key="diff_sstl135" value="0" description="" />
   <keyValuePair key="diff_sstl135_r" value="0" description="" />
   <keyValuePair key="diff_sstl15" value="0" description="" />
   <keyValuePair key="diff_sstl15_r" value="0" description="" />
   <keyValuePair key="diff_sstl18_i" value="0" description="" />
   <keyValuePair key="diff_sstl18_ii" value="0" description="" />
   <keyValuePair key="hstl_i" value="0" description="" />
   <keyValuePair key="hstl_i_18" value="0" description="" />
   <keyValuePair key="hstl_ii" value="0" description="" />
   <keyValuePair key="hstl_ii_18" value="0" description="" />
   <keyValuePair key="hsul_12" value="0" description="" />
   <keyValuePair key="lvcmos12" value="0" description="" />
   <keyValuePair key="lvcmos15" value="0" description="" />
   <keyValuePair key="lvcmos18" value="0" description="" />
   <keyValuePair key="lvcmos25" value="0" description="" />
   <keyValuePair key="lvcmos33" value="1" description="" />
   <keyValuePair key="lvds_25" value="0" description="" />
   <keyValuePair key="lvttl" value="0" description="" />
   <keyValuePair key="mini_lvds_25" value="0" description="" />
   <keyValuePair key="mobile_ddr" value="0" description="" />
   <keyValuePair key="pci33_3" value="0" description="" />
   <keyValuePair key="ppds_25" value="0" description="" />
   <keyValuePair key="rsds_25" value="0" description="" />
   <keyValuePair key="sstl135" value="0" description="" />
   <keyValuePair key="sstl135_r" value="0" description="" />
   <keyValuePair key="sstl15" value="0" description="" />
   <keyValuePair key="sstl15_r" value="0" description="" />
   <keyValuePair key="sstl18_i" value="0" description="" />
   <keyValuePair key="sstl18_ii" value="0" description="" />
   <keyValuePair key="tmds_33" value="0" description="" />
  </section>
  <section name="memory" level="2" order="4" description="">
   <keyValuePair key="block_ram_tile_available" value="50" description="" />
   <keyValuePair key="block_ram_tile_fixed" value="0" description="" />
   <keyValuePair key="block_ram_tile_used" value="8.5" description="" />
   <keyValuePair key="block_ram_tile_util_percentage" value="17.00" description="" />
   <keyValuePair key="ramb18_available" value="100" description="" />
   <keyValuePair key="ramb18_fixed" value="0" description="" />
   <keyValuePair key="ramb18_used" value="11" description="" />
   <keyValuePair key="ramb18_util_percentage" value="11.00" description="" />
   <keyValuePair key="ramb18e1_only_used" value="11" description="" />
   <keyValuePair key="ramb36_fifo_available" value="50" description="" />
   <keyValuePair key="ramb36_fifo_fixed" value="0" description="" />
   <keyValuePair key="ramb36_fifo_used" value="3" description="" />
   <keyValuePair key="ramb36_fifo_util_percentage" value="6.00" description="" />
   <keyValuePair key="ramb36e1_only_used" value="3" description="" />
  </section>
  <section name="primitives" level="2" order="5" description="">
   <keyValuePair key="bufg_functional_category" value="Clock" description="" />
   <keyValuePair key="bufg_used" value="2" description="" />
   <keyValuePair key="carry4_functional_category" value="CarryLogic" description="" />
   <keyValuePair key="carry4_used" value="245" description="" />
   <keyValuePair key="dsp48e1_functional_category" value="Block Arithmetic" description="" />
   <keyValuePair key="dsp48e1_used" value="1" description="" />
   <keyValuePair key="fdce_functional_category" value="Flop &amp; Latch" description="" />
   <keyValuePair key="fdce_used" value="40" description="" />
   <keyValuePair key="fdre_functional_category" value="Flop &amp; Latch" description="" />
   <keyValuePair key="fdre_used" value="548" description="" />
   <keyValuePair key="fdse_functional_category" value="Flop &amp; Latch" description="" />
   <keyValuePair key="fdse_used" value="5" description="" />
   <keyValuePair key="ibuf_functional_category" value="IO" description="" />
   <keyValuePair key="ibuf_used" value="12" description="" />
   <keyValuePair key="lut1_functional_category" value="LUT" description="" />
   <keyValuePair key="lut1_used" value="74" description="" />
   <keyValuePair key="lut2_functional_category" value="LUT" description="" />
   <keyValuePair key="lut2_used" value="482" description="" />
   <keyValuePair key="lut3_functional_category" value="LUT" description="" />
   <keyValuePair key="lut3_used" value="200" description="" />
   <keyValuePair key="lut4_functional_category" value="LUT" description="" />
   <keyValuePair key="lut4_used" value="368" description="" />
   <keyValuePair key="lut5_functional_category" value="LUT" description="" />
   <keyValuePair key="lut5_used" value="418" description="" />
   <keyValuePair key="lut6_functional_category" value="LUT" description="" />
   <keyValuePair key="lut6_used" value="1309" description="" />
   <keyValuePair key="muxf7_functional_category" value="MuxFx" description="" />
   <keyValuePair key="muxf7_used" value="71" description="" />
   <keyValuePair key="obuf_functional_category" value="IO" description="" />
   <keyValuePair key="obuf_used" value="42" description="" />
   <keyValuePair key="ramb18e1_functional_category" value="Block Memory" description="" />
   <keyValuePair key="ramb18e1_used" value="11" description="" />
   <keyValuePair key="ramb36e1_functional_category" value="Block Memory" description="" />
   <keyValuePair key="ramb36e1_used" value="3" description="" />
   <keyValuePair key="xadc_functional_category" value="Others" description="" />
   <keyValuePair key="xadc_used" value="1" description="" />
  </section>
  <section name="slice_logic" level="2" order="6" description="">
   <keyValuePair key="f7_muxes_available" value="16300" description="" />
   <keyValuePair key="f7_muxes_fixed" value="0" description="" />
   <keyValuePair key="f7_muxes_used" value="71" description="" />
   <keyValuePair key="f7_muxes_util_percentage" value="0.44" description="" />
   <keyValuePair key="f8_muxes_available" value="8150" description="" />
   <keyValuePair key="f8_muxes_fixed" value="0" description="" />
   <keyValuePair key="f8_muxes_used" value="0" description="" />
   <keyValuePair key="f8_muxes_util_percentage" value="0.00" description="" />
   <keyValuePair key="lut_as_distributed_ram_fixed" value="0" description="" />
   <keyValuePair key="lut_as_distributed_ram_used" value="0" description="" />
   <keyValuePair key="lut_as_logic_available" value="20800" description="" />
   <keyValuePair key="lut_as_logic_available" value="20800" description="" />
   <keyValuePair key="lut_as_logic_fixed" value="0" description="" />
   <keyValuePair key="lut_as_logic_fixed" value="0" description="" />
   <keyValuePair key="lut_as_logic_used" value="2399" description="" />
   <keyValuePair key="lut_as_logic_used" value="2399" description="" />
   <keyValuePair key="lut_as_logic_util_percentage" value="11.53" description="" />
   <keyValuePair key="lut_as_logic_util_percentage" value="11.53" description="" />
   <keyValuePair key="lut_as_memory_available" value="9600" description="" />
   <keyValuePair key="lut_as_memory_available" value="9600" description="" />
   <keyValuePair key="lut_as_memory_fixed" value="0" description="" />
   <keyValuePair key="lut_as_memory_fixed" value="0" description="" />
   <keyValuePair key="lut_as_memory_used" value="0" description="" />
   <keyValuePair key="lut_as_memory_used" value="0" description="" />
   <keyValuePair key="lut_as_memory_util_percentage" value="0.00" description="" />
   <keyValuePair key="lut_as_memory_util_percentage" value="0.00" description="" />
   <keyValuePair key="lut_as_shift_register_fixed" value="0" description="" />
   <keyValuePair key="lut_as_shift_register_used" value="0" description="" />
   <keyValuePair key="lut_in_front_of_the_register_is_unused_fixed" value="0" description="" />
   <keyValuePair key="lut_in_front_of_the_register_is_unused_used" value="30" description="" />
   <keyValuePair key="lut_in_front_of_the_register_is_used_fixed" value="30" description="" />
   <keyValuePair key="lut_in_front_of_the_register_is_used_used" value="46" description="" />
   <keyValuePair key="register_as_flip_flop_available" value="41600" description="" />
   <keyValuePair key="register_as_flip_flop_fixed" value="0" description="" />
   <keyValuePair key="register_as_flip_flop_used" value="593" description="" />
   <keyValuePair key="register_as_flip_flop_util_percentage" value="1.43" description="" />
   <keyValuePair key="register_as_latch_available" value="41600" description="" />
   <keyValuePair key="register_as_latch_fixed" value="0" description="" />
   <keyValuePair key="register_as_latch_used" value="0" description="" />
   <keyValuePair key="register_as_latch_util_percentage" value="0.00" description="" />
   <keyValuePair key="register_driven_from_outside_the_slice_fixed" value="46" description="" />
   <keyValuePair key="register_driven_from_outside_the_slice_used" value="76" description="" />
   <keyValuePair key="register_driven_from_within_the_slice_fixed" value="76" description="" />
   <keyValuePair key="register_driven_from_within_the_slice_used" value="517" description="" />
   <keyValuePair key="slice_available" value="8150" description="" />
   <keyValuePair key="slice_fixed" value="0" description="" />
   <keyValuePair key="slice_luts_available" value="20800" description="" />
   <keyValuePair key="slice_luts_fixed" value="0" description="" />
   <keyValuePair key="slice_luts_used" value="2399" description="" />
   <keyValuePair key="slice_luts_util_percentage" value="11.53" description="" />
   <keyValuePair key="slice_registers_available" value="41600" description="" />
   <keyValuePair key="slice_registers_available" value="41600" description="" />
   <keyValuePair key="slice_registers_fixed" value="0" description="" />
   <keyValuePair key="slice_registers_fixed" value="0" description="" />
   <keyValuePair key="slice_registers_used" value="593" description="" />
   <keyValuePair key="slice_registers_used" value="593" description="" />
   <keyValuePair key="slice_registers_util_percentage" value="1.43" description="" />
   <keyValuePair key="slice_registers_util_percentage" value="1.43" description="" />
   <keyValuePair key="slice_used" value="785" description="" />
   <keyValuePair key="slice_util_percentage" value="9.63" description="" />
   <keyValuePair key="slicel_fixed" value="0" description="" />
   <keyValuePair key="slicel_used" value="513" description="" />
   <keyValuePair key="slicem_fixed" value="0" description="" />
   <keyValuePair key="slicem_used" value="272" description="" />
   <keyValuePair key="unique_control_sets_available" value="8150" description="" />
   <keyValuePair key="unique_control_sets_fixed" value="8150" description="" />
   <keyValuePair key="unique_control_sets_used" value="46" description="" />
   <keyValuePair key="unique_control_sets_util_percentage" value="0.56" description="" />
   <keyValuePair key="using_o5_and_o6_fixed" value="0.56" description="" />
   <keyValuePair key="using_o5_and_o6_used" value="452" description="" />
   <keyValuePair key="using_o5_output_only_fixed" value="452" description="" />
   <keyValuePair key="using_o5_output_only_used" value="2" description="" />
   <keyValuePair key="using_o6_output_only_fixed" value="2" description="" />
   <keyValuePair key="using_o6_output_only_used" value="1945" description="" />
  </section>
  <section name="specific_feature" level="2" order="7" description="">
   <keyValuePair key="bscane2_available" value="4" description="" />
   <keyValuePair key="bscane2_fixed" value="0" description="" />
   <keyValuePair key="bscane2_used" value="0" description="" />
   <keyValuePair key="bscane2_util_percentage" value="0.00" description="" />
   <keyValuePair key="capturee2_available" value="1" description="" />
   <keyValuePair key="capturee2_fixed" value="0" description="" />
   <keyValuePair key="capturee2_used" value="0" description="" />
   <keyValuePair key="capturee2_util_percentage" value="0.00" description="" />
   <keyValuePair key="dna_port_available" value="1" description="" />
   <keyValuePair key="dna_port_fixed" value="0" description="" />
   <keyValuePair key="dna_port_used" value="0" description="" />
   <keyValuePair key="dna_port_util_percentage" value="0.00" description="" />
   <keyValuePair key="efuse_usr_available" value="1" description="" />
   <keyValuePair key="efuse_usr_fixed" value="0" description="" />
   <keyValuePair key="efuse_usr_used" value="0" description="" />
   <keyValuePair key="efuse_usr_util_percentage" value="0.00" description="" />
   <keyValuePair key="frame_ecce2_available" value="1" description="" />
   <keyValuePair key="frame_ecce2_fixed" value="0" description="" />
   <keyValuePair key="frame_ecce2_used" value="0" description="" />
   <keyValuePair key="frame_ecce2_util_percentage" value="0.00" description="" />
   <keyValuePair key="icape2_available" value="2" description="" />
   <keyValuePair key="icape2_fixed" value="0" description="" />
   <keyValuePair key="icape2_used" value="0" description="" />
   <keyValuePair key="icape2_util_percentage" value="0.00" description="" />
   <keyValuePair key="pcie_2_1_available" value="1" description="" />
   <keyValuePair key="pcie_2_1_fixed" value="0" description="" />
   <keyValuePair key="pcie_2_1_used" value="0" description="" />
   <keyValuePair key="pcie_2_1_util_percentage" value="0.00" description="" />
   <keyValuePair key="startupe2_available" value="1" description="" />
   <keyValuePair key="startupe2_fixed" value="0" description="" />
   <keyValuePair key="startupe2_used" value="0" description="" />
   <keyValuePair key="startupe2_util_percentage" value="0.00" description="" />
   <keyValuePair key="xadc_available" value="1" description="" />
   <keyValuePair key="xadc_fixed" value="1" description="" />
   <keyValuePair key="xadc_used" value="1" description="" />
   <keyValuePair key="xadc_util_percentage" value="100.00" description="" />
  </section>
 </section>
 <section name="synthesis" level="1" order="8" description="">
  <section name="command_line_options" level="2" order="1" description="">
   <keyValuePair key="-assert" value="default::[not_specified]" description="" />
   <keyValuePair key="-bufg" value="default::12" description="" />
   <keyValuePair key="-cascade_dsp" value="default::auto" description="" />
   <keyValuePair key="-constrset" value="default::[not_specified]" description="" />
   <keyValuePair key="-control_set_opt_threshold" value="default::auto" description="" />
   <keyValuePair key="-debug_log" value="default::[not_specified]" description="" />
   <keyValuePair key="-directive" value="default::default" description="" />
   <keyValuePair key="-fanout_limit" value="default::10000" description="" />
   <keyValuePair key="-flatten_hierarchy" value="default::rebuilt" description="" />
   <keyValuePair key="-fsm_extraction" value="default::auto" description="" />
   <keyValuePair key="-gated_clock_conversion" value="default::off" description="" />
   <keyValuePair key="-generic" value="default::[not_specified]" description="" />
   <keyValuePair key="-include_dirs" value="default::[not_specified]" description="" />
   <keyValuePair key="-keep_equivalent_registers" value="default::[not_specified]" description="" />
   <keyValuePair key="-max_bram" value="default::-1" description="" />
   <keyValuePair key="-max_bram_cascade_height" value="default::-1" description="" />
   <keyValuePair key="-max_dsp" value="default::-1" description="" />
   <keyValuePair key="-max_uram" value="default::-1" description="" />
   <keyValuePair key="-max_uram_cascade_height" value="default::-1" description="" />
   <keyValuePair key="-mode" value="default::default" description="" />
   <keyValuePair key="-name" value="default::[not_specified]" description="" />
   <keyValuePair key="-no_lc" value="default::[not_specified]" description="" />
   <keyValuePair key="-no_srlextract" value="default::[not_specified]" description="" />
   <keyValuePair key="-no_timing_driven" value="default::[not_specified]" description="" />
   <keyValuePair key="-part" value="xc7a35tcpg236-1" description="" />
   <keyValuePair key="-resource_sharing" value="default::auto" description="" />
   <keyValuePair key="-retiming" value="default::[not_specified]" description="" />
   <keyValuePair key="-rtl" value="default::[not_specified]" description="" />
   <keyValuePair key="-rtl_skip_constraints" value="default::[not_specified]" description="" />
   <keyValuePair key="-rtl_skip_ip" value="default::[not_specified]" description="" />
   <keyValuePair key="-seu_protect" value="default::none" description="" />
   <keyValuePair key="-sfcu" value="default::[not_specified]" description="" />
   <keyValuePair key="-shreg_min_size" value="default::3" description="" />
   <keyValuePair key="-top" value="XADCdemo" description="" />
   <keyValuePair key="-verilog_define" value="default::[not_specified]" description="" />
  </section>
  <section name="usage" level="2" order="2" description="">
   <keyValuePair key="elapsed" value="00:03:18s" description="" />
   <keyValuePair key="hls_ip" value="0" description="" />
   <keyValuePair key="memory_gain" value="372.715MB" description="" />
   <keyValuePair key="memory_peak" value="1401.352MB" description="" />
  </section>
 </section>
 <section name="unisim_transformation" level="1" order="9" description="">
  <section name="post_unisim_transformation" level="2" order="1" description="">
   <keyValuePair key="bufg" value="2" description="" />
   <keyValuePair key="carry4" value="245" description="" />
   <keyValuePair key="dsp48e1" value="1" description="" />
   <keyValuePair key="fdce" value="40" description="" />
   <keyValuePair key="fdre" value="548" description="" />
   <keyValuePair key="fdse" value="5" description="" />
   <keyValuePair key="gnd" value="24" description="" />
   <keyValuePair key="ibuf" value="12" description="" />
   <keyValuePair key="lut1" value="75" description="" />
   <keyValuePair key="lut2" value="462" description="" />
   <keyValuePair key="lut3" value="200" description="" />
   <keyValuePair key="lut4" value="368" description="" />
   <keyValuePair key="lut5" value="418" description="" />
   <keyValuePair key="lut6" value="1309" description="" />
   <keyValuePair key="muxf7" value="71" description="" />
   <keyValuePair key="obuf" value="42" description="" />
   <keyValuePair key="ramb18e1" value="11" description="" />
   <keyValuePair key="ramb36e1" value="3" description="" />
   <keyValuePair key="vcc" value="23" description="" />
   <keyValuePair key="xadc" value="1" description="" />
  </section>
  <section name="pre_unisim_transformation" level="2" order="2" description="">
   <keyValuePair key="bufg" value="2" description="" />
   <keyValuePair key="carry4" value="245" description="" />
   <keyValuePair key="dsp48e1" value="1" description="" />
   <keyValuePair key="fdce" value="40" description="" />
   <keyValuePair key="fdre" value="548" description="" />
   <keyValuePair key="fdse" value="5" description="" />
   <keyValuePair key="gnd" value="24" description="" />
   <keyValuePair key="ibuf" value="12" description="" />
   <keyValuePair key="lut1" value="75" description="" />
   <keyValuePair key="lut2" value="462" description="" />
   <keyValuePair key="lut3" value="200" description="" />
   <keyValuePair key="lut4" value="368" description="" />
   <keyValuePair key="lut5" value="418" description="" />
   <keyValuePair key="lut6" value="1309" description="" />
   <keyValuePair key="muxf7" value="71" description="" />
   <keyValuePair key="obuf" value="42" description="" />
   <keyValuePair key="ramb18e1" value="11" description="" />
   <keyValuePair key="ramb36e1" value="3" description="" />
   <keyValuePair key="vcc" value="23" description="" />
   <keyValuePair key="xadc" value="1" description="" />
  </section>
 </section>
 <section name="vivado_usage" level="1" order="10" description="">
  <section name="gui_handlers" level="2" order="1" description="">
   <keyValuePair key="abstractfileview_close" value="1" description="" />
   <keyValuePair key="basedialog_cancel" value="33" description="" />
   <keyValuePair key="basedialog_ok" value="252" description="" />
   <keyValuePair key="basedialog_yes" value="7" description="" />
   <keyValuePair key="closeplanner_no" value="1" description="" />
   <keyValuePair key="closeplanner_yes" value="2" description="" />
   <keyValuePair key="cmdmsgdialog_messages" value="1" description="" />
   <keyValuePair key="cmdmsgdialog_ok" value="31" description="" />
   <keyValuePair key="confirmsavetexteditsdialog_no" value="1" description="" />
   <keyValuePair key="confirmsavetexteditsdialog_yes" value="1" description="" />
   <keyValuePair key="constraintschooserpanel_add_files" value="1" description="" />
   <keyValuePair key="createsrcfiledialog_file_name" value="21" description="" />
   <keyValuePair key="designtimingsumsectionpanel_worst_negative_slack" value="1" description="" />
   <keyValuePair key="expruntreepanel_exp_run_tree_table" value="6" description="" />
   <keyValuePair key="filesetpanel_file_set_panel_tree" value="394" description="" />
   <keyValuePair key="flownavigatortreepanel_flow_navigator_tree" value="108" description="" />
   <keyValuePair key="fpgachooser_category" value="1" description="" />
   <keyValuePair key="fpgachooser_family" value="1" description="" />
   <keyValuePair key="fpgachooser_fpga_table" value="1" description="" />
   <keyValuePair key="fpgachooser_package" value="1" description="" />
   <keyValuePair key="fpgachooser_speed" value="1" description="" />
   <keyValuePair key="gettingstartedview_create_new_project" value="1" description="" />
   <keyValuePair key="gettingstartedview_open_project" value="5" description="" />
   <keyValuePair key="hcodeeditor_close" value="1" description="" />
   <keyValuePair key="hcodeeditor_search_text_combo_box" value="3" description="" />
   <keyValuePair key="hjfilechooserrecentlistpreview_recent_directories" value="10" description="" />
   <keyValuePair key="mainmenumgr_checkpoint" value="2" description="" />
   <keyValuePair key="mainmenumgr_edit" value="8" description="" />
   <keyValuePair key="mainmenumgr_export" value="1" description="" />
   <keyValuePair key="mainmenumgr_file" value="28" description="" />
   <keyValuePair key="mainmenumgr_flow" value="1" description="" />
   <keyValuePair key="mainmenumgr_ip" value="3" description="" />
   <keyValuePair key="mainmenumgr_open_recent_project" value="1" description="" />
   <keyValuePair key="mainmenumgr_project" value="20" description="" />
   <keyValuePair key="mainmenumgr_reports" value="2" description="" />
   <keyValuePair key="mainmenumgr_text_editor" value="3" description="" />
   <keyValuePair key="mainmenumgr_tools" value="8" description="" />
   <keyValuePair key="messagewithoptiondialog_dont_show_this_dialog_again" value="1" description="" />
   <keyValuePair key="msgtreepanel_message_view_tree" value="22" description="" />
   <keyValuePair key="navigabletimingreporttab_timing_report_navigation_tree" value="11" description="" />
   <keyValuePair key="netlisttreeview_netlist_tree" value="1" description="" />
   <keyValuePair key="pacommandnames_add_config_memory" value="2" description="" />
   <keyValuePair key="pacommandnames_add_sources" value="23" description="" />
   <keyValuePair key="pacommandnames_auto_connect_target" value="29" description="" />
   <keyValuePair key="pacommandnames_auto_update_hier" value="26" description="" />
   <keyValuePair key="pacommandnames_import_all_srcs" value="1" description="" />
   <keyValuePair key="pacommandnames_new_project" value="1" description="" />
   <keyValuePair key="pacommandnames_open_hardware_manager" value="19" description="" />
   <keyValuePair key="pacommandnames_open_project" value="2" description="" />
   <keyValuePair key="pacommandnames_open_target_wizard" value="1" description="" />
   <keyValuePair key="pacommandnames_program_fpga" value="3" description="" />
   <keyValuePair key="pacommandnames_run_bitgen" value="44" description="" />
   <keyValuePair key="pacommandnames_save_project_as" value="1" description="" />
   <keyValuePair key="paviews_code" value="20" description="" />
   <keyValuePair key="paviews_path_table" value="1" description="" />
   <keyValuePair key="paviews_project_summary" value="26" description="" />
   <keyValuePair key="programdebugtab_available_targets_on_server" value="1" description="" />
   <keyValuePair key="programdebugtab_open_target" value="28" description="" />
   <keyValuePair key="programdebugtab_program_device" value="79" description="" />
   <keyValuePair key="programdebugtab_refresh_device" value="2" description="" />
   <keyValuePair key="programfpgadialog_program" value="80" description="" />
   <keyValuePair key="projectnamechooser_choose_project_location" value="1" description="" />
   <keyValuePair key="projectnamechooser_project_name" value="2" description="" />
   <keyValuePair key="rdicommands_custom_commands" value="2" description="" />
   <keyValuePair key="rdicommands_delete" value="3" description="" />
   <keyValuePair key="rdicommands_save_file" value="3" description="" />
   <keyValuePair key="reportutilizationdialog_results_name" value="1" description="" />
   <keyValuePair key="reportutiltab_report_utilization_navigation_tree" value="5" description="" />
   <keyValuePair key="saveprojectasdialog_import_all_files_to_new_project" value="1" description="" />
   <keyValuePair key="srcchooserpanel_add_directories" value="1" description="" />
   <keyValuePair key="srcchooserpanel_add_hdl_and_netlist_files_to_your_project" value="17" description="" />
   <keyValuePair key="srcchooserpanel_create_file" value="25" description="" />
   <keyValuePair key="srcchoosertable_src_chooser_table" value="5" description="" />
   <keyValuePair key="srcmenu_ip_hierarchy" value="27" description="" />
   <keyValuePair key="stalemoreaction_out_of_date_details" value="1" description="" />
   <keyValuePair key="syntheticagettingstartedview_recent_projects" value="6" description="" />
   <keyValuePair key="syntheticastatemonitor_cancel" value="1" description="" />
   <keyValuePair key="taskbanner_close" value="11" description="" />
   <keyValuePair key="tclconsoleview_tcl_console_code_editor" value="1" description="" />
   <keyValuePair key="timingitemflattablepanel_table" value="4" description="" />
   <keyValuePair key="timingpathresultsectionpanel_show_only_failing_paths" value="2" description="" />
   <keyValuePair key="timingsumresultstab_show_only_failing_checks" value="1" description="" />
   <keyValuePair key="touchpointsurveydialog_remind_me_later" value="3" description="" />
   <keyValuePair key="viotreetablepanel_vio_tree_table" value="4" description="" />
  </section>
  <section name="java_command_handlers" level="2" order="2" description="">
   <keyValuePair key="addsources" value="23" description="" />
   <keyValuePair key="autoconnecttarget" value="29" description="" />
   <keyValuePair key="editdelete" value="5" description="" />
   <keyValuePair key="editundo" value="3" description="" />
   <keyValuePair key="fileexit" value="10" description="" />
   <keyValuePair key="launchopentarget" value="1" description="" />
   <keyValuePair key="launchprogramfpga" value="80" description="" />
   <keyValuePair key="newproject" value="2" description="" />
   <keyValuePair key="openhardwaremanager" value="28" description="" />
   <keyValuePair key="openproject" value="7" description="" />
   <keyValuePair key="openrecenttarget" value="6" description="" />
   <keyValuePair key="programdevice" value="2" description="" />
   <keyValuePair key="recustomizecore" value="2" description="" />
   <keyValuePair key="refreshdevice" value="1" description="" />
   <keyValuePair key="reportutilization" value="1" description="" />
   <keyValuePair key="runbitgen" value="50" description="" />
   <keyValuePair key="runimplementation" value="49" description="" />
   <keyValuePair key="runschematic" value="1" description="" />
   <keyValuePair key="runsynthesis" value="53" description="" />
   <keyValuePair key="savefileproxyhandler" value="1" description="" />
   <keyValuePair key="saveprojectas" value="1" description="" />
   <keyValuePair key="showview" value="6" description="" />
   <keyValuePair key="ui.views.c.ax" value="1" description="" />
   <keyValuePair key="viewtaskimplementation" value="3" description="" />
   <keyValuePair key="viewtaskprogramanddebug" value="1" description="" />
   <keyValuePair key="viewtaskprojectmanager" value="13" description="" />
   <keyValuePair key="viewtaskrtlanalysis" value="5" description="" />
  </section>
  <section name="other_data" level="2" order="3" description="">
   <keyValuePair key="guimode" value="16" description="" />
  </section>
  <section name="project_data" level="2" order="4" description="">
   <keyValuePair key="constraintsetcount" value="1" description="" />
   <keyValuePair key="core_container" value="false" description="" />
   <keyValuePair key="currentimplrun" value="impl_1" description="" />
   <keyValuePair key="currentsynthesisrun" value="synth_1" description="" />
   <keyValuePair key="default_library" value="xil_defaultlib" description="" />
   <keyValuePair key="designmode" value="RTL" description="" />
   <keyValuePair key="export_simulation_activehdl" value="0" description="" />
   <keyValuePair key="export_simulation_ies" value="0" description="" />
   <keyValuePair key="export_simulation_modelsim" value="0" description="" />
   <keyValuePair key="export_simulation_questa" value="0" description="" />
   <keyValuePair key="export_simulation_riviera" value="0" description="" />
   <keyValuePair key="export_simulation_vcs" value="0" description="" />
   <keyValuePair key="export_simulation_xsim" value="0" description="" />
   <keyValuePair key="implstrategy" value="Vivado Implementation Defaults" description="" />
   <keyValuePair key="launch_simulation_activehdl" value="0" description="" />
   <keyValuePair key="launch_simulation_ies" value="0" description="" />
   <keyValuePair key="launch_simulation_modelsim" value="0" description="" />
   <keyValuePair key="launch_simulation_questa" value="0" description="" />
   <keyValuePair key="launch_simulation_riviera" value="0" description="" />
   <keyValuePair key="launch_simulation_vcs" value="0" description="" />
   <keyValuePair key="launch_simulation_xsim" value="0" description="" />
   <keyValuePair key="simulator_language" value="Mixed" description="" />
   <keyValuePair key="srcsetcount" value="56" description="" />
   <keyValuePair key="synthesisstrategy" value="Vivado Synthesis Defaults" description="" />
   <keyValuePair key="target_language" value="Verilog" description="" />
   <keyValuePair key="target_simulator" value="XSim" description="" />
   <keyValuePair key="totalimplruns" value="1" description="" />
   <keyValuePair key="totalsynthesisruns" value="1" description="" />
  </section>
 </section>
</section>
</webTalkData>
