<?xml version="1.0" encoding="UTF-8"?>
<GenRun Id="synth_1" LaunchPart="xc7a35tcpg236-1" LaunchTime="1670990061">
  <File Type="PA-TCL" Name="XADCdemo.tcl"/>
  <File Type="RDS-PROPCONSTRS" Name="XADCdemo_drc_synth.rpt"/>
  <File Type="REPORTS-TCL" Name="XADCdemo_reports.tcl"/>
  <File Type="RDS-RDS" Name="XADCdemo.vds"/>
  <File Type="RDS-UTIL" Name="XADCdemo_utilization_synth.rpt"/>
  <File Type="RDS-UTIL-PB" Name="XADCdemo_utilization_synth.pb"/>
  <File Type="RDS-DCP" Name="XADCdemo.dcp"/>
  <File Type="VDS-TIMINGSUMMARY" Name="XADCdemo_timing_summary_synth.rpt"/>
  <File Type="VDS-TIMING-PB" Name="XADCdemo_timing_summary_synth.pb"/>
  <FileSet Name="sources" Type="DesignSrcs" RelSrcDir="$PSRCDIR/sources_1">
    <Filter Type="Srcs"/>
    <File Path="$PSRCDIR/sources_1/ip/xadc_wiz_0/xadc_wiz_0.xci">
      <FileInfo>
        <Attr Name="ImportPath" Val="$PPRDIR/../../needs/Downloads/Basys3-master/Basys3-master/Projects/XADC_Demo/src/ip/xadc_wiz_0_1/xadc_wiz_0.xci"/>
        <Attr Name="ImportTime" Val="1667307924"/>
        <Attr Name="UsedIn" Val="synthesis"/>
        <Attr Name="UsedIn" Val="implementation"/>
        <Attr Name="UsedIn" Val="simulation"/>
      </FileInfo>
    </File>
    <File Path="$PSRCDIR/sources_1/imports/Projectone/Projectone.srcs/sources_1/new/AppleRom.v">
      <FileInfo>
        <Attr Name="ImportPath" Val="$PPRDIR/../Projectone/Projectone.srcs/sources_1/new/AppleRom.v"/>
        <Attr Name="ImportTime" Val="1668875044"/>
        <Attr Name="UsedIn" Val="synthesis"/>
        <Attr Name="UsedIn" Val="implementation"/>
        <Attr Name="UsedIn" Val="simulation"/>
      </FileInfo>
    </File>
    <File Path="$PSRCDIR/sources_1/imports/Projectone/Projectone.srcs/sources_1/new/ArrowDisplay.v">
      <FileInfo>
        <Attr Name="ImportPath" Val="$PPRDIR/../Projectone/Projectone.srcs/sources_1/new/ArrowDisplay.v"/>
        <Attr Name="ImportTime" Val="1670791649"/>
        <Attr Name="UsedIn" Val="synthesis"/>
        <Attr Name="UsedIn" Val="implementation"/>
        <Attr Name="UsedIn" Val="simulation"/>
      </FileInfo>
    </File>
    <File Path="$PSRCDIR/sources_1/imports/Projectone/Projectone.srcs/sources_1/new/ArrowRom.v">
      <FileInfo>
        <Attr Name="ImportPath" Val="$PPRDIR/../Projectone/Projectone.srcs/sources_1/new/ArrowRom.v"/>
        <Attr Name="ImportTime" Val="1670789495"/>
        <Attr Name="UsedIn" Val="synthesis"/>
        <Attr Name="UsedIn" Val="implementation"/>
        <Attr Name="UsedIn" Val="simulation"/>
      </FileInfo>
    </File>
    <File Path="$PSRCDIR/sources_1/imports/Projectone/Projectone.srcs/sources_1/new/Black2Rom.v">
      <FileInfo>
        <Attr Name="ImportPath" Val="$PPRDIR/../Projectone/Projectone.srcs/sources_1/new/Black2Rom.v"/>
        <Attr Name="ImportTime" Val="1670750951"/>
        <Attr Name="UsedIn" Val="synthesis"/>
        <Attr Name="UsedIn" Val="implementation"/>
        <Attr Name="UsedIn" Val="simulation"/>
      </FileInfo>
    </File>
    <File Path="$PSRCDIR/sources_1/imports/Projectone/Projectone.srcs/sources_1/new/Black3Rom.v">
      <FileInfo>
        <Attr Name="ImportPath" Val="$PPRDIR/../Projectone/Projectone.srcs/sources_1/new/Black3Rom.v"/>
        <Attr Name="ImportTime" Val="1670752892"/>
        <Attr Name="UsedIn" Val="synthesis"/>
        <Attr Name="UsedIn" Val="implementation"/>
        <Attr Name="UsedIn" Val="simulation"/>
      </FileInfo>
    </File>
    <File Path="$PSRCDIR/sources_1/imports/Projectone/Projectone.srcs/sources_1/new/Black4Rom.v">
      <FileInfo>
        <Attr Name="ImportPath" Val="$PPRDIR/../Projectone/Projectone.srcs/sources_1/new/Black4Rom.v"/>
        <Attr Name="ImportTime" Val="1670776764"/>
        <Attr Name="UsedIn" Val="synthesis"/>
        <Attr Name="UsedIn" Val="implementation"/>
        <Attr Name="UsedIn" Val="simulation"/>
      </FileInfo>
    </File>
    <File Path="$PSRCDIR/sources_1/imports/Projectone/Projectone.srcs/sources_1/new/Black5Rom.v">
      <FileInfo>
        <Attr Name="ImportPath" Val="$PPRDIR/../Projectone/Projectone.srcs/sources_1/new/Black5Rom.v"/>
        <Attr Name="ImportTime" Val="1670777783"/>
        <Attr Name="UsedIn" Val="synthesis"/>
        <Attr Name="UsedIn" Val="implementation"/>
        <Attr Name="UsedIn" Val="simulation"/>
      </FileInfo>
    </File>
    <File Path="$PSRCDIR/sources_1/imports/Projectone/Projectone.srcs/sources_1/new/Black6Rom.v">
      <FileInfo>
        <Attr Name="ImportPath" Val="$PPRDIR/../Projectone/Projectone.srcs/sources_1/new/Black6Rom.v"/>
        <Attr Name="ImportTime" Val="1670779025"/>
        <Attr Name="UsedIn" Val="synthesis"/>
        <Attr Name="UsedIn" Val="implementation"/>
        <Attr Name="UsedIn" Val="simulation"/>
      </FileInfo>
    </File>
    <File Path="$PSRCDIR/sources_1/imports/Projectone/Projectone.srcs/sources_1/new/BlackO1.v">
      <FileInfo>
        <Attr Name="ImportPath" Val="$PPRDIR/../Projectone/Projectone.srcs/sources_1/new/BlackO1.v"/>
        <Attr Name="ImportTime" Val="1670750075"/>
        <Attr Name="UsedIn" Val="synthesis"/>
        <Attr Name="UsedIn" Val="implementation"/>
        <Attr Name="UsedIn" Val="simulation"/>
      </FileInfo>
    </File>
    <File Path="$PSRCDIR/sources_1/new/Block2Rom.v">
      <FileInfo>
        <Attr Name="ImportPath" Val="$PPRDIR/../FINAL_DLD/FINAL_DLD.srcs/sources_1/new/Block2Rom.v"/>
        <Attr Name="ImportTime" Val="1670968835"/>
        <Attr Name="UsedIn" Val="synthesis"/>
        <Attr Name="UsedIn" Val="implementation"/>
        <Attr Name="UsedIn" Val="simulation"/>
      </FileInfo>
    </File>
    <File Path="$PSRCDIR/sources_1/new/BlockOneRom.v">
      <FileInfo>
        <Attr Name="ImportPath" Val="$PPRDIR/../FINAL_DLD/FINAL_DLD.srcs/sources_1/new/BlockOneRom.v"/>
        <Attr Name="ImportTime" Val="1670970545"/>
        <Attr Name="UsedIn" Val="synthesis"/>
        <Attr Name="UsedIn" Val="implementation"/>
        <Attr Name="UsedIn" Val="simulation"/>
      </FileInfo>
    </File>
    <File Path="$PSRCDIR/sources_1/imports/Projectone/Projectone.srcs/sources_1/new/CherryRom.v">
      <FileInfo>
        <Attr Name="ImportPath" Val="$PPRDIR/../Projectone/Projectone.srcs/sources_1/new/CherryRom.v"/>
        <Attr Name="ImportTime" Val="1670744424"/>
        <Attr Name="UsedIn" Val="synthesis"/>
        <Attr Name="UsedIn" Val="implementation"/>
        <Attr Name="UsedIn" Val="simulation"/>
      </FileInfo>
    </File>
    <File Path="$PSRCDIR/sources_1/imports/hdl/DigitToSeg.v">
      <FileInfo>
        <Attr Name="ImportPath" Val="$PPRDIR/../../needs/Downloads/Basys3-master/Basys3-master/Projects/XADC_Demo/src/hdl/DigitToSeg.v"/>
        <Attr Name="ImportTime" Val="1667307923"/>
        <Attr Name="UsedIn" Val="synthesis"/>
        <Attr Name="UsedIn" Val="implementation"/>
        <Attr Name="UsedIn" Val="simulation"/>
      </FileInfo>
    </File>
    <File Path="$PSRCDIR/sources_1/new/EndRom.v">
      <FileInfo>
        <Attr Name="ImportPath" Val="$PPRDIR/../FINAL_DLD/FINAL_DLD.srcs/sources_1/new/EndRom.v"/>
        <Attr Name="ImportTime" Val="1670976513"/>
        <Attr Name="UsedIn" Val="synthesis"/>
        <Attr Name="UsedIn" Val="implementation"/>
        <Attr Name="UsedIn" Val="simulation"/>
      </FileInfo>
    </File>
    <File Path="$PSRCDIR/sources_1/imports/Projectone/Projectone.srcs/sources_1/new/FruitSprite.v">
      <FileInfo>
        <Attr Name="ImportPath" Val="$PPRDIR/../Projectone/Projectone.srcs/sources_1/new/FruitSprite.v"/>
        <Attr Name="ImportTime" Val="1670749550"/>
        <Attr Name="UsedIn" Val="synthesis"/>
        <Attr Name="UsedIn" Val="implementation"/>
        <Attr Name="UsedIn" Val="simulation"/>
      </FileInfo>
    </File>
    <File Path="$PSRCDIR/sources_1/imports/Projectone/Projectone.srcs/sources_1/new/HunterRom.v">
      <FileInfo>
        <Attr Name="ImportPath" Val="$PPRDIR/../Projectone/Projectone.srcs/sources_1/new/HunterRom.v"/>
        <Attr Name="ImportTime" Val="1668874940"/>
        <Attr Name="UsedIn" Val="synthesis"/>
        <Attr Name="UsedIn" Val="implementation"/>
        <Attr Name="UsedIn" Val="simulation"/>
      </FileInfo>
    </File>
    <File Path="$PSRCDIR/sources_1/imports/Projectone/Projectone.srcs/sources_1/new/HunterSprite.v">
      <FileInfo>
        <Attr Name="ImportPath" Val="$PPRDIR/../Projectone/Projectone.srcs/sources_1/new/HunterSprite.v"/>
        <Attr Name="ImportTime" Val="1670686050"/>
        <Attr Name="UsedIn" Val="synthesis"/>
        <Attr Name="UsedIn" Val="implementation"/>
        <Attr Name="UsedIn" Val="simulation"/>
      </FileInfo>
    </File>
    <File Path="$PSRCDIR/sources_1/new/LifeCol.v">
      <FileInfo>
        <Attr Name="ImportPath" Val="$PPRDIR/../FINAL_DLD/FINAL_DLD.srcs/sources_1/new/LifeCol.v"/>
        <Attr Name="ImportTime" Val="1670972264"/>
        <Attr Name="UsedIn" Val="synthesis"/>
        <Attr Name="UsedIn" Val="implementation"/>
        <Attr Name="UsedIn" Val="simulation"/>
      </FileInfo>
    </File>
    <File Path="$PSRCDIR/sources_1/new/Lives1Rom.v">
      <FileInfo>
        <Attr Name="ImportPath" Val="$PPRDIR/../FINAL_DLD/FINAL_DLD.srcs/sources_1/new/Lives1Rom.v"/>
        <Attr Name="ImportTime" Val="1670964180"/>
        <Attr Name="UsedIn" Val="synthesis"/>
        <Attr Name="UsedIn" Val="implementation"/>
        <Attr Name="UsedIn" Val="simulation"/>
      </FileInfo>
    </File>
    <File Path="$PSRCDIR/sources_1/imports/Projectone/Projectone.srcs/sources_1/new/OrangeRom.v">
      <FileInfo>
        <Attr Name="ImportPath" Val="$PPRDIR/../Projectone/Projectone.srcs/sources_1/new/OrangeRom.v"/>
        <Attr Name="ImportTime" Val="1668874995"/>
        <Attr Name="UsedIn" Val="synthesis"/>
        <Attr Name="UsedIn" Val="implementation"/>
        <Attr Name="UsedIn" Val="simulation"/>
      </FileInfo>
    </File>
    <File Path="$PSRCDIR/sources_1/imports/Projectone/Projectone.srcs/sources_1/new/ShieldSprites.v">
      <FileInfo>
        <Attr Name="ImportPath" Val="$PPRDIR/../Projectone/Projectone.srcs/sources_1/new/ShieldSprites.v"/>
        <Attr Name="ImportTime" Val="1670788564"/>
        <Attr Name="UsedIn" Val="synthesis"/>
        <Attr Name="UsedIn" Val="implementation"/>
        <Attr Name="UsedIn" Val="simulation"/>
      </FileInfo>
    </File>
    <File Path="$PSRCDIR/sources_1/new/Shieldnofive.v">
      <FileInfo>
        <Attr Name="ImportPath" Val="$PPRDIR/../FINAL_DLD/FINAL_DLD.srcs/sources_1/new/Shieldnofive.v"/>
        <Attr Name="ImportTime" Val="1670962327"/>
        <Attr Name="UsedIn" Val="synthesis"/>
        <Attr Name="UsedIn" Val="implementation"/>
        <Attr Name="UsedIn" Val="simulation"/>
      </FileInfo>
    </File>
    <File Path="$PSRCDIR/sources_1/imports/Projectone/Projectone.srcs/sources_1/new/Shieldnofour.v">
      <FileInfo>
        <Attr Name="ImportPath" Val="$PPRDIR/../Projectone/Projectone.srcs/sources_1/new/Shieldnofour.v"/>
        <Attr Name="ImportTime" Val="1668879876"/>
        <Attr Name="UsedIn" Val="synthesis"/>
        <Attr Name="UsedIn" Val="implementation"/>
        <Attr Name="UsedIn" Val="simulation"/>
      </FileInfo>
    </File>
    <File Path="$PSRCDIR/sources_1/imports/Projectone/Projectone.srcs/sources_1/new/Shieldnoone.v">
      <FileInfo>
        <Attr Name="ImportPath" Val="$PPRDIR/../Projectone/Projectone.srcs/sources_1/new/Shieldnoone.v"/>
        <Attr Name="ImportTime" Val="1668861680"/>
        <Attr Name="UsedIn" Val="synthesis"/>
        <Attr Name="UsedIn" Val="implementation"/>
        <Attr Name="UsedIn" Val="simulation"/>
      </FileInfo>
    </File>
    <File Path="$PSRCDIR/sources_1/new/Shieldnosix.v">
      <FileInfo>
        <Attr Name="ImportPath" Val="$PPRDIR/../FINAL_DLD/FINAL_DLD.srcs/sources_1/new/Shieldnosix.v"/>
        <Attr Name="ImportTime" Val="1670962341"/>
        <Attr Name="UsedIn" Val="synthesis"/>
        <Attr Name="UsedIn" Val="implementation"/>
        <Attr Name="UsedIn" Val="simulation"/>
      </FileInfo>
    </File>
    <File Path="$PSRCDIR/sources_1/imports/Projectone/Projectone.srcs/sources_1/new/Shieldnothree.v">
      <FileInfo>
        <Attr Name="ImportPath" Val="$PPRDIR/../Projectone/Projectone.srcs/sources_1/new/Shieldnothree.v"/>
        <Attr Name="ImportTime" Val="1668861701"/>
        <Attr Name="UsedIn" Val="synthesis"/>
        <Attr Name="UsedIn" Val="implementation"/>
        <Attr Name="UsedIn" Val="simulation"/>
      </FileInfo>
    </File>
    <File Path="$PSRCDIR/sources_1/imports/Projectone/Projectone.srcs/sources_1/new/Shieldnotwo.v">
      <FileInfo>
        <Attr Name="ImportPath" Val="$PPRDIR/../Projectone/Projectone.srcs/sources_1/new/Shieldnotwo.v"/>
        <Attr Name="ImportTime" Val="1668875106"/>
        <Attr Name="UsedIn" Val="synthesis"/>
        <Attr Name="UsedIn" Val="implementation"/>
        <Attr Name="UsedIn" Val="simulation"/>
      </FileInfo>
    </File>
    <File Path="$PSRCDIR/sources_1/new/StripeFourRom.v">
      <FileInfo>
        <Attr Name="ImportPath" Val="$PPRDIR/../FINAL_DLD/FINAL_DLD.srcs/sources_1/new/StripeFourRom.v"/>
        <Attr Name="ImportTime" Val="1670965552"/>
        <Attr Name="UsedIn" Val="synthesis"/>
        <Attr Name="UsedIn" Val="implementation"/>
        <Attr Name="UsedIn" Val="simulation"/>
      </FileInfo>
    </File>
    <File Path="$PSRCDIR/sources_1/new/StripeOneRom.v">
      <FileInfo>
        <Attr Name="ImportPath" Val="$PPRDIR/../FINAL_DLD/FINAL_DLD.srcs/sources_1/new/StripeOneRom.v"/>
        <Attr Name="ImportTime" Val="1670965493"/>
        <Attr Name="UsedIn" Val="synthesis"/>
        <Attr Name="UsedIn" Val="implementation"/>
        <Attr Name="UsedIn" Val="simulation"/>
      </FileInfo>
    </File>
    <File Path="$PSRCDIR/sources_1/new/StripeThreeRom.v">
      <FileInfo>
        <Attr Name="ImportPath" Val="$PPRDIR/../FINAL_DLD/FINAL_DLD.srcs/sources_1/new/StripeThreeRom.v"/>
        <Attr Name="ImportTime" Val="1670965527"/>
        <Attr Name="UsedIn" Val="synthesis"/>
        <Attr Name="UsedIn" Val="implementation"/>
        <Attr Name="UsedIn" Val="simulation"/>
      </FileInfo>
    </File>
    <File Path="$PSRCDIR/sources_1/new/StripeTwoRom.v">
      <FileInfo>
        <Attr Name="ImportPath" Val="$PPRDIR/../FINAL_DLD/FINAL_DLD.srcs/sources_1/new/StripeTwoRom.v"/>
        <Attr Name="ImportTime" Val="1670965508"/>
        <Attr Name="UsedIn" Val="synthesis"/>
        <Attr Name="UsedIn" Val="implementation"/>
        <Attr Name="UsedIn" Val="simulation"/>
      </FileInfo>
    </File>
    <File Path="$PSRCDIR/sources_1/new/Tflipflop.v">
      <FileInfo>
        <Attr Name="ImportPath" Val="$PPRDIR/../FINAL_DLD/FINAL_DLD.srcs/sources_1/new/Tflipflop.v"/>
        <Attr Name="ImportTime" Val="1670989723"/>
        <Attr Name="UsedIn" Val="synthesis"/>
        <Attr Name="UsedIn" Val="implementation"/>
        <Attr Name="UsedIn" Val="simulation"/>
      </FileInfo>
    </File>
    <File Path="$PSRCDIR/sources_1/imports/hdl/counter3bit.v">
      <FileInfo>
        <Attr Name="ImportPath" Val="$PPRDIR/../../needs/Downloads/Basys3-master/Basys3-master/Projects/XADC_Demo/src/hdl/counter3bit.v"/>
        <Attr Name="ImportTime" Val="1667307924"/>
        <Attr Name="UsedIn" Val="synthesis"/>
        <Attr Name="UsedIn" Val="implementation"/>
        <Attr Name="UsedIn" Val="simulation"/>
      </FileInfo>
    </File>
    <File Path="$PSRCDIR/sources_1/imports/hdl/decoder3_8.v">
      <FileInfo>
        <Attr Name="ImportPath" Val="$PPRDIR/../../needs/Downloads/Basys3-master/Basys3-master/Projects/XADC_Demo/src/hdl/decoder3_8.v"/>
        <Attr Name="ImportTime" Val="1667307924"/>
        <Attr Name="UsedIn" Val="synthesis"/>
        <Attr Name="UsedIn" Val="implementation"/>
        <Attr Name="UsedIn" Val="simulation"/>
      </FileInfo>
    </File>
    <File Path="$PSRCDIR/sources_1/imports/hdl/mux4_4bus.v">
      <FileInfo>
        <Attr Name="ImportPath" Val="$PPRDIR/../../needs/Downloads/Basys3-master/Basys3-master/Projects/XADC_Demo/src/hdl/mux4_4bus.v"/>
        <Attr Name="ImportTime" Val="1667307924"/>
        <Attr Name="UsedIn" Val="synthesis"/>
        <Attr Name="UsedIn" Val="implementation"/>
        <Attr Name="UsedIn" Val="simulation"/>
      </FileInfo>
    </File>
    <File Path="$PSRCDIR/sources_1/imports/hdl/segClkDevider.v">
      <FileInfo>
        <Attr Name="ImportPath" Val="$PPRDIR/../../needs/Downloads/Basys3-master/Basys3-master/Projects/XADC_Demo/src/hdl/segClkDevider.v"/>
        <Attr Name="ImportTime" Val="1667321713"/>
        <Attr Name="UsedIn" Val="synthesis"/>
        <Attr Name="UsedIn" Val="implementation"/>
        <Attr Name="UsedIn" Val="simulation"/>
      </FileInfo>
    </File>
    <File Path="$PSRCDIR/sources_1/imports/hdl/sevensegdecoder.v">
      <FileInfo>
        <Attr Name="ImportPath" Val="$PPRDIR/../../needs/Downloads/Basys3-master/Basys3-master/Projects/XADC_Demo/src/hdl/sevensegdecoder.v"/>
        <Attr Name="ImportTime" Val="1667307924"/>
        <Attr Name="UsedIn" Val="synthesis"/>
        <Attr Name="UsedIn" Val="implementation"/>
        <Attr Name="UsedIn" Val="simulation"/>
      </FileInfo>
    </File>
    <File Path="$PSRCDIR/sources_1/new/timer.v">
      <FileInfo>
        <Attr Name="ImportPath" Val="$PPRDIR/../FINAL_DLD/FINAL_DLD.srcs/sources_1/new/timer.v"/>
        <Attr Name="ImportTime" Val="1670989787"/>
        <Attr Name="UsedIn" Val="synthesis"/>
        <Attr Name="UsedIn" Val="implementation"/>
        <Attr Name="UsedIn" Val="simulation"/>
      </FileInfo>
    </File>
    <File Path="$PSRCDIR/sources_1/imports/Projectone/Projectone.srcs/sources_1/new/vga640x480.v">
      <FileInfo>
        <Attr Name="ImportPath" Val="$PPRDIR/../Projectone/Projectone.srcs/sources_1/new/vga640x480.v"/>
        <Attr Name="ImportTime" Val="1670825644"/>
        <Attr Name="UsedIn" Val="synthesis"/>
        <Attr Name="UsedIn" Val="implementation"/>
        <Attr Name="UsedIn" Val="simulation"/>
      </FileInfo>
    </File>
    <File Path="$PSRCDIR/sources_1/imports/hdl/XADCdemo.v">
      <FileInfo>
        <Attr Name="ImportPath" Val="$PPRDIR/../../needs/Downloads/Basys3-master/Basys3-master/Projects/XADC_Demo/src/hdl/XADCdemo.v"/>
        <Attr Name="ImportTime" Val="1667495509"/>
        <Attr Name="UsedIn" Val="synthesis"/>
        <Attr Name="UsedIn" Val="implementation"/>
        <Attr Name="UsedIn" Val="simulation"/>
      </FileInfo>
    </File>
    <File Path="$PSRCDIR/sources_1/imports/hdl/UART_TX_CTRL.vhd">
      <FileInfo>
        <Attr Name="AutoDisabled" Val="1"/>
        <Attr Name="ImportPath" Val="$PPRDIR/../../needs/Downloads/Basys3-master/Basys3-master/Projects/XADC_Demo/src/hdl/UART_TX_CTRL.vhd"/>
        <Attr Name="ImportTime" Val="1667307924"/>
        <Attr Name="UsedIn" Val="synthesis"/>
        <Attr Name="UsedIn" Val="simulation"/>
      </FileInfo>
    </File>
    <File Path="$PSRCDIR/sources_1/imports/Projectone/pal24bit.mem">
      <FileInfo>
        <Attr Name="ImportPath" Val="$PPRDIR/../Projectone/pal24bit.mem"/>
        <Attr Name="ImportTime" Val="1668521250"/>
        <Attr Name="UsedIn" Val="synthesis"/>
        <Attr Name="UsedIn" Val="simulation"/>
      </FileInfo>
    </File>
    <File Path="$PSRCDIR/sources_1/imports/Projectone/black.mem">
      <FileInfo>
        <Attr Name="ImportPath" Val="$PPRDIR/../Projectone/black.mem"/>
        <Attr Name="ImportTime" Val="1670742750"/>
        <Attr Name="UsedIn" Val="synthesis"/>
        <Attr Name="UsedIn" Val="simulation"/>
      </FileInfo>
    </File>
    <File Path="$PSRCDIR/sources_1/imports/Projectone/greenappleone.mem">
      <FileInfo>
        <Attr Name="ImportPath" Val="$PPRDIR/../Projectone/greenappleone.mem"/>
        <Attr Name="ImportTime" Val="1668702570"/>
        <Attr Name="UsedIn" Val="synthesis"/>
        <Attr Name="UsedIn" Val="simulation"/>
      </FileInfo>
    </File>
    <File Path="$PSRCDIR/sources_1/imports/Projectone/huntermain.mem">
      <FileInfo>
        <Attr Name="ImportPath" Val="$PPRDIR/../Projectone/huntermain.mem"/>
        <Attr Name="ImportTime" Val="1668703654"/>
        <Attr Name="UsedIn" Val="synthesis"/>
        <Attr Name="UsedIn" Val="simulation"/>
      </FileInfo>
    </File>
    <File Path="$PSRCDIR/sources_1/imports/Projectone/orangefinal.mem">
      <FileInfo>
        <Attr Name="ImportPath" Val="$PPRDIR/../Projectone/orangefinal.mem"/>
        <Attr Name="ImportTime" Val="1668696213"/>
        <Attr Name="UsedIn" Val="synthesis"/>
        <Attr Name="UsedIn" Val="simulation"/>
      </FileInfo>
    </File>
    <File Path="$PSRCDIR/sources_1/imports/Projectone/cherry.mem">
      <FileInfo>
        <Attr Name="ImportPath" Val="$PPRDIR/../Projectone/cherry.mem"/>
        <Attr Name="ImportTime" Val="1668698844"/>
        <Attr Name="UsedIn" Val="synthesis"/>
        <Attr Name="UsedIn" Val="simulation"/>
      </FileInfo>
    </File>
    <File Path="$PSRCDIR/sources_1/imports/Projectone/hivetest.mem">
      <FileInfo>
        <Attr Name="ImportPath" Val="$PPRDIR/../Projectone/hivetest.mem"/>
        <Attr Name="ImportTime" Val="1668691194"/>
        <Attr Name="UsedIn" Val="synthesis"/>
        <Attr Name="UsedIn" Val="simulation"/>
      </FileInfo>
    </File>
    <File Path="$PSRCDIR/sources_1/imports/Projectone/teer.mem">
      <FileInfo>
        <Attr Name="ImportPath" Val="$PPRDIR/../Projectone/teer.mem"/>
        <Attr Name="ImportTime" Val="1670789454"/>
        <Attr Name="UsedIn" Val="synthesis"/>
        <Attr Name="UsedIn" Val="simulation"/>
      </FileInfo>
    </File>
    <File Path="$PSRCDIR/sources_1/imports/Projectone/Projectone.srcs/sources_1/new/ShieldOne.v">
      <FileInfo>
        <Attr Name="AutoDisabled" Val="1"/>
        <Attr Name="ImportPath" Val="$PPRDIR/../Projectone/Projectone.srcs/sources_1/new/ShieldOne.v"/>
        <Attr Name="ImportTime" Val="1668847669"/>
        <Attr Name="UsedIn" Val="synthesis"/>
        <Attr Name="UsedIn" Val="implementation"/>
        <Attr Name="UsedIn" Val="simulation"/>
      </FileInfo>
    </File>
    <File Path="$PSRCDIR/sources_1/imports/DlDFinalGuI/Projectoneold/Projectone/lives.mem">
      <FileInfo>
        <Attr Name="ImportPath" Val="$PPRDIR/../Projectoneold/Projectone/lives.mem"/>
        <Attr Name="ImportTime" Val="1670863393"/>
        <Attr Name="UsedIn" Val="synthesis"/>
        <Attr Name="UsedIn" Val="simulation"/>
      </FileInfo>
    </File>
    <File Path="$PSRCDIR/sources_1/imports/DlDFinalGuI/Projectone/red.mem">
      <FileInfo>
        <Attr Name="ImportPath" Val="$PPRDIR/../Projectone/red.mem"/>
        <Attr Name="ImportTime" Val="1670871789"/>
        <Attr Name="UsedIn" Val="synthesis"/>
        <Attr Name="UsedIn" Val="simulation"/>
      </FileInfo>
    </File>
    <File Path="$PSRCDIR/sources_1/imports/DlDFinalGuI/FINAL_DLD/block.mem">
      <FileInfo>
        <Attr Name="ImportPath" Val="$PPRDIR/../FINAL_DLD/block.mem"/>
        <Attr Name="ImportTime" Val="1670967259"/>
        <Attr Name="UsedIn" Val="synthesis"/>
        <Attr Name="UsedIn" Val="simulation"/>
      </FileInfo>
    </File>
    <File Path="$PSRCDIR/sources_1/imports/DlDFinalGuI/FINAL_DLD/try.mem">
      <FileInfo>
        <Attr Name="ImportPath" Val="$PPRDIR/../FINAL_DLD/try.mem"/>
        <Attr Name="ImportTime" Val="1670970496"/>
        <Attr Name="UsedIn" Val="synthesis"/>
        <Attr Name="UsedIn" Val="simulation"/>
      </FileInfo>
    </File>
    <File Path="$PSRCDIR/sources_1/imports/DlDFinalGuI/FINAL_DLD/End.mem">
      <FileInfo>
        <Attr Name="ImportPath" Val="$PPRDIR/../FINAL_DLD/End.mem"/>
        <Attr Name="ImportTime" Val="1670971920"/>
        <Attr Name="UsedIn" Val="synthesis"/>
        <Attr Name="UsedIn" Val="simulation"/>
      </FileInfo>
    </File>
    <Config>
      <Option Name="DesignMode" Val="RTL"/>
      <Option Name="TopModule" Val="XADCdemo"/>
      <Option Name="TopAutoSet" Val="TRUE"/>
    </Config>
  </FileSet>
  <FileSet Name="constrs_in" Type="Constrs" RelSrcDir="$PSRCDIR/constrs_1">
    <Filter Type="Constrs"/>
    <File Path="$PSRCDIR/constrs_1/imports/constraints/Basys3_Master.xdc">
      <FileInfo>
        <Attr Name="ImportPath" Val="$PPRDIR/../../needs/Downloads/Basys3-master/Basys3-master/Projects/XADC_Demo/src/constraints/Basys3_Master.xdc"/>
        <Attr Name="ImportTime" Val="1667494644"/>
        <Attr Name="UsedIn" Val="synthesis"/>
        <Attr Name="UsedIn" Val="implementation"/>
      </FileInfo>
    </File>
    <Config>
      <Option Name="ConstrsType" Val="XDC"/>
    </Config>
  </FileSet>
  <FileSet Name="utils" Type="Utils" RelSrcDir="$PSRCDIR/utils_1">
    <Filter Type="Utils"/>
    <Config>
      <Option Name="TopAutoSet" Val="TRUE"/>
    </Config>
  </FileSet>
  <Strategy Version="1" Minor="2">
    <StratHandle Name="Vivado Synthesis Defaults" Flow="Vivado Synthesis 2020"/>
    <Step Id="synth_design"/>
  </Strategy>
</GenRun>
